Alex Cho,+1890099199,cho.choo,12,45,1200.11,true,Alabama,12-12-2030,1xr567
Alex Cho,8900991919,cho@cho.com,12,45,1200.11,true,Alabama,12-12-2030,1xr567
Alex Cho,18900991919,cho.cho,12,45,1200.11,true,Alabama,12-12-2030,1xr567
Alex Cho,218900991919,cho,,,,false,Alabama,12-12-2030,
Alex Cho,2189asdasd919,cho.cho,66,45,1200.11,false,Alabama|AL,12-12-2030,1xr567
Alex Cho,+18900991919,cho.cho,12,45,1200.11,asdsad,Alabama,12-12-2030,1xr567
Alex Cho,+18900991917,cho.cho1,12,45,1200.11,asdsad,Alabama,12-12-2030,1xr567
Alex Cho,+18900991917,cho.cho1,12,45,1200.11,asdsad,Alabama,12-12-2030,1#r567
Alex Cho,+18900991917,cho.cho1,12,45,1200.11,asdsad,Alabama,2030-12-01,1#r567
Alex Cho,+18900991917,cho.cho1,12,45,1200.11,asdsad,Alabama,2020-12-01,1#r567
Alex Cho,+18900991917,cho.cho1,12,45,1200.11,asdsad,Alabama,,1#r567
Alex Cho,+18900991917,cho.cho1,12,45,1200.11,asdsad,Alabama,12/12/2030,1#r567
Alex Cho,+18900991917,cho.cho1,12,45,1200.11,asdsad,Alabama,2030/12/22,1#r567
Alex Cho,+18900991917,cho.cho1,12,45,1200.11,asdsad,Alabama,asdas,1#r567


